Sitting down;Standing up;Reading;Staggering;Falling;Walking
0.1650262176990509;0.015649257227778435;0.13016584515571594;0.18868514895439148;0.16267183423042297;0.3378017544746399
